l_cell_to_lens_aperture,0,1,2,mean
0.15,33,25,31,29.66666667
0.212,38,29,41,36
0.274,34,35,32,33.66666667
0.336,32,30,37,33
0.398,35,40,45,40