lens_1_dist,lens_2_dist,0,1,2,3,4,5,6,7,8,9,10,
0.000000,0.000000,