l_cell_to_lens_aperture,0,1,2,
0.000000,0.0013,0.0014,0.001,
0.100000,0.0013,0.0011,0.002,
0.200000,0.0027,0.0023,0.002,
0.300000,0.0018,0.0031,0.0036,
0.400000,0.0027,0.0026,0.0046,
0.500000,0.0021,0.0024,0.0017,
0.600000,0.0008,0.0006,0.0006,
0.700000,0.0005,0.0009,0.0007,
