,mol_index,v_zi,v_zf
0,1387.0,168.5363461566991,79.08544607561825
1,81490.0,162.34159114778305,62.58107707824669
